"","Country","cri","MTCO2e","Moratoria_bans_limits","Subsidy_removal","Divestment","Sources","Notes","ISO2","ISO3","UN","CAT_rating","latitude","longitude","global_level","continent_level","mbl_country","mbl_city_region","divestment_city_region","divestment_non_government","subsidy_removal","Moratoria_bans_limits_total","Divestment_total","Subsidy_removal_total","Policy_total","Government_policies_total","Non_Government_policies_total","MTCO2e_cat","global_emissions_percent","fossil_fuel_share_energy_2019","ff_share_2019_cat"
"1","Aruba",0,0,0,0,0,FALSE,FALSE,"AW","ABW",533,7,12.5,-69.9667,"Global","North America",0,0,0,0,0,0,0,0,0,0,0,"No data",0.002521,0,"No data"
"2","Afghanistan",43.33,95.41,0,0,0,FALSE,FALSE,"AF","AFG",4,7,33,65,"Global","Asia",0,0,0,0,0,0,0,0,0,0,0,"1-169 MTCO2e",0.029418,0,"No data"
"3","Angola",56,182.19,0,0,0,FALSE,FALSE,"AO","AGO",24,7,-12.5,18.5,"Global","Africa",0,0,0,1,0,0,1,0,1,0,1,"169-500 MTCO2e",0.104333,0,"No data"
"4","Anguilla",0,0,0,0,0,FALSE,FALSE,"AI","AIA",660,7,18.25,-63.1667,"Global","North America",0,0,0,0,0,0,0,0,0,0,0,"No data",0.000393,0,"No data"
"5","Albania",58,9.33,0,0,0,FALSE,FALSE,"AL","ALB",8,7,41,20,"Global","Europe",0,0,0,0,0,0,0,0,0,0,0,"1-169 MTCO2e",0.01531,0,"No data"
"6","Andorra",0,0.56,0,0,0,FALSE,FALSE,"AD","AND",20,7,42.5,1.6,"Global","Europe",0,0,0,0,0,0,0,0,0,0,0,"No data",0.001291,0,"No data"
"7","United Arab Emirates",109.17,259.43,0,0,0,FALSE,FALSE,"AE","ARE",784,1,24,54,"Global","Asia",0,0,0,0,0,0,0,0,0,0,0,"169-500 MTCO2e",0.52326,99.229,"95-100%"
"8","Argentina",63.67,469.73,2,0,2,FALSE,FALSE,"AR","ARG",32,0,-34,-64,"Global","South America",0,2,0,8,0,2,8,0,10,2,8,"169-500 MTCO2e",0.491034,84.271,"80-90%"
"9","Armenia",98.33,9.36,0,0,0,FALSE,FALSE,"AM","ARM",51,7,40,45,"Global","Asia",0,0,0,0,0,0,0,0,0,0,0,"1-169 MTCO2e",0.016481,0,"No data"
"10","American Samoa",0,0,0,0,0,FALSE,FALSE,"AS","ASM",16,7,-14.3333,-170,"Global","Oceania",0,0,0,0,0,0,0,0,0,0,0,"No data",0,0,"No data"
"11","Antarctica",0,0,0,0,0,FALSE,FALSE,"AQ","ATA",10,7,-90,0,"Global","Antarctica",0,1,0,0,0,1,0,0,1,1,0,"No data",0,0,"No data"
"12","French Southern Territories",0,0,0,0,0,FALSE,FALSE,"TF","ATF",260,7,-43,67,"Global","Antarctica",0,0,0,0,0,0,0,0,0,0,0,"No data",0,0,"No data"
"13","Antigua and Barbuda",124.5,1.14,0,0,0,FALSE,FALSE,"AG","ATG",28,7,17.05,-61.8,"Global","North America",0,0,0,0,0,0,0,0,0,0,0,"1-169 MTCO2e",0.001351,0,"No data"
"14","Australia",35.5,507.17,5,1,89,FALSE,FALSE,"AU","AUS",36,2,-27,133,"Global","Oceania",0,5,31,176,1,5,207,1,213,37,176,"500-1000 MTCO2e",1.127881,91.433,"90-95"
"15","Austria",57,70.62,0,0,1,FALSE,FALSE,"AT","AUT",40,2,47.3333,13.3333,"Global","Europe",0,0,0,4,0,0,4,0,4,0,4,"1-169 MTCO2e",0.18796,66.298,"60-80%"
"16","Azerbaijan",124.5,73.05,0,0,0,FALSE,FALSE,"AZ","AZE",31,7,40.5,47.5,"Global","Asia",0,0,0,0,0,0,0,0,0,0,0,"1-169 MTCO2e",0.109272,97.52,"95-100%"
"17","Burundi",33,7.95,0,0,0,FALSE,FALSE,"BI","BDI",108,7,-3.5,30,"Global","Africa",0,0,0,0,0,0,0,0,0,0,0,"1-169 MTCO2e",0.001591,0,"No data"
"18","Belgium",52.83,107.63,0,0,16,FALSE,FALSE,"BE","BEL",56,2,50.8333,4,"Global","Europe",0,0,0,25,0,0,25,0,25,0,25,"1-169 MTCO2e",0.273614,78.684,"60-80%"
"19","Benin",124.5,27.36,0,0,0,FALSE,FALSE,"BJ","BEN",204,7,9.5,2.25,"Global","Africa",0,0,0,0,0,0,0,0,0,0,0,"1-169 MTCO2e",0.021948,0,"No data"
"20","Burkina Faso",61,38.61,0,0,0,FALSE,FALSE,"BF","BFA",854,7,13,-2,"Global","Africa",0,0,0,0,0,0,0,0,0,0,0,"1-169 MTCO2e",0.011803,0,"No data"
"21","Bangladesh",46.17,203.15,0,0,0,FALSE,FALSE,"BD","BGD",50,7,24,90,"Global","Asia",0,0,0,2,0,0,2,0,2,0,2,"169-500 MTCO2e",0.280345,99.363,"95-100%"
"22","Bulgaria",42.5,44.11,1,0,0,FALSE,FALSE,"BG","BGR",100,2,43,25,"Global","Europe",1,0,0,0,0,1,0,0,1,1,0,"1-169 MTCO2e",0.115271,70.059,"60-80%"
"23","Bahrain",124.5,47.15,0,0,0,FALSE,FALSE,"BH","BHR",48,7,26,50.55,"Global","Asia",0,0,0,0,0,0,0,0,0,0,0,"1-169 MTCO2e",0.094273,0,"No data"
"24","Bahamas",22.83,3.06,0,0,0,FALSE,FALSE,"BS","BHS",44,7,24.25,-76,"Global","North America",0,0,0,0,0,0,0,0,0,0,0,"1-169 MTCO2e",0.005431,0,"No data"
"25","Bosnia and Herzegovina",58.17,27.28,0,0,0,FALSE,FALSE,"BA","BIH",70,7,44,18,"Global","Europe",0,0,0,0,0,0,0,0,0,0,0,"1-169 MTCO2e",0.073052,0,"No data"
"26","Saint-Barthélemy",0,0,0,0,0,FALSE,FALSE,"BL","BLM",652,7,17.9,-62.83,"Global","North America",0,0,0,0,0,0,0,0,0,0,0,"No data",0,0,"No data"
"27","Belarus",124.5,80.62,0,0,0,FALSE,FALSE,"BY","BLR",112,7,53,28,"Global","Europe",0,0,0,0,0,0,0,0,0,0,0,"1-169 MTCO2e",0.171464,99.365,"95-100%"
"28","Belize",124.5,4.94,1,0,0,FALSE,FALSE,"BZ","BLZ",84,7,17.25,-88.75,"Global","North America",1,0,0,0,0,1,0,0,1,1,0,"1-169 MTCO2e",0.001736,0,"No data"
"29","Bermuda",0,0,0,0,0,FALSE,FALSE,"BM","BMU",60,7,32.3333,-64.75,"Global","North America",0,0,0,0,0,0,0,0,0,0,0,"No data",0.001734,0,"No data"
"30","Bolivia",47,150.52,0,0,0,FALSE,FALSE,"BO","BOL",68,7,-17,-65,"Global","South America",0,0,0,0,0,0,0,0,0,0,0,"1-169 MTCO2e",0.061948,0,"No data"
"31","Brazil",76.17,1381.11,1,0,1,FALSE,FALSE,"BR","BRA",76,2,-10,-55,"Global","South America",0,1,0,2,0,1,2,0,3,1,2,"1000-5000 MTCO2e",1.277986,53.822,"40-60%"
"32","Barbados",124.5,3.82,0,0,0,FALSE,FALSE,"BB","BRB",52,7,13.1667,-59.5333,"Global","North America",0,0,0,0,0,0,0,0,0,0,0,"1-169 MTCO2e",0.003256,0,"No data"
"33","Brunei Darussalam",124.5,16.64,0,0,0,FALSE,FALSE,"BN","BRN",96,7,4.5,114.6667,"Global","Asia",0,0,0,0,0,0,0,0,0,0,0,"1-169 MTCO2e",0.024941,0,"No data"
"34","Bhutan",76.17,-1.47,0,0,0,FALSE,FALSE,"BT","BTN",64,3,27.5,90.5,"Global","Asia",0,0,0,0,0,0,0,0,0,0,0,"<0 MTCO2e",0.004684,0,"No data"
"35","Botswana",70.17,69.97,0,0,0,FALSE,FALSE,"BW","BWA",72,7,-22,24,"Global","Africa",0,0,0,0,0,0,0,0,0,0,0,"1-169 MTCO2e",0.017333,0,"No data"
"36","Central African Republic",124.5,75.62,0,0,0,FALSE,FALSE,"CF","CAF",140,7,7,21,"Global","Africa",0,0,0,0,0,0,0,0,0,0,0,"1-169 MTCO2e",0.000844,0,"No data"
"37","Canada",71,779.08,9,2,44,FALSE,FALSE,"CA","CAN",124,2,60,-95,"Global","North America",1,9,1,49,2,10,50,2,62,13,49,"500-1000 MTCO2e",1.582405,66.06,"60-80%"
"38","Switzerland",85.33,46.66,1,0,11,FALSE,FALSE,"CH","CHE",756,2,47,8,"Global","Europe",0,1,0,15,0,1,15,0,16,1,15,"1-169 MTCO2e",0.103403,50.524,"40-60%"
"39","Chile",25.17,3.62,0,0,0,FALSE,FALSE,"CL","CHL",152,2,-30,-71,"Global","South America",0,0,0,0,0,0,0,0,0,0,0,"1-169 MTCO2e",0.231239,77.149,"60-80%"
"40","China",38,11577.98,1,1,1,FALSE,FALSE,"CN","CHN",156,1,35,105,"Global","Asia",1,0,0,1,1,1,1,1,3,2,1,">10000 MTCO2e",27.920674,85.142,"80-90%"
"41","Côte d'Ivoire",95,30.2,0,0,0,FALSE,FALSE,"CI","CIV",384,7,8,-5,"Global","Africa",0,0,0,0,0,0,0,0,0,0,0,"1-169 MTCO2e",0,0,"No data"
"42","Cameroon",102.83,208.95,0,0,1,FALSE,FALSE,"CM","CMR",120,7,6,12,"Global","Africa",0,0,0,1,0,0,1,0,1,0,1,"169-500 MTCO2e",0.020836,0,"No data"
"43","Congo, (Kinshasa)",65.67,224.74,0,0,0,FALSE,FALSE,"CD","COD",180,7,0,25,"Global","Africa",0,0,0,0,0,0,0,0,0,0,0,"169-500 MTCO2e",0.006264,0,"No data"
"44","Congo (Brazzaville)",104,48.99,0,0,0,FALSE,FALSE,"CG","COG",178,7,-1,15,"Global","Africa",0,0,0,0,0,0,0,0,0,0,0,"1-169 MTCO2e",0.009486,0,"No data"
"45","Cook Islands",0,0.09,0,0,0,FALSE,FALSE,"CK","COK",184,7,-21.2333,-159.7667,"Global","Oceania",0,0,0,0,0,0,0,0,0,0,0,"No data",0.000213,0,"No data"
"46","Colombia",45.67,222.64,0,0,0,FALSE,FALSE,"CO","COL",170,7,4,-72,"Global","South America",0,0,0,2,0,0,2,0,2,0,2,"169-500 MTCO2e",0.280457,75.014,"60-80%"
"47","Comoros",124.5,0.61,0,0,0,FALSE,FALSE,"KM","COM",174,7,-12.1667,44.25,"Global","Africa",0,0,0,0,0,0,0,0,0,0,0,"No data",0.000695,0,"No data"
"48","Cape Verde",52,0.6,0,0,0,FALSE,FALSE,"CV","CPV",132,7,16,-24,"Global","Africa",0,0,0,0,0,0,0,0,0,0,0,"No data",0.001739,0,"No data"
"49","Costa Rica",77.5,4.59,1,0,0,FALSE,FALSE,"CR","CRI",188,1,10,-84,"Global","North America",1,0,0,0,0,1,0,0,1,1,0,"1-169 MTCO2e",0.023346,0,"No data"
"50","Cuba",0,31.75,0,0,0,FALSE,FALSE,"CU","CUB",192,7,21.5,-80,"Global","North America",0,0,0,0,0,0,0,0,0,0,0,"1-169 MTCO2e",0.071316,0,"No data"
"51","Cayman Islands",0,0,0,0,0,FALSE,FALSE,"KY","CYM",136,7,19.5,-80.5,"Global","North America",0,0,0,0,0,0,0,0,0,0,0,"No data",0,0,"No data"
"52","Cyprus",124.5,8.23,0,0,0,FALSE,FALSE,"CY","CYP",196,2,35,33,"Global","Europe",0,0,0,0,0,0,0,0,0,0,0,"1-169 MTCO2e",0.020075,95.671,"95-100%"
"53","Czech Republic",98.67,111.53,1,0,0,FALSE,FALSE,"CZ","CZE",203,2,49.75,15.5,"Global","Europe",1,0,0,1,0,1,1,0,2,1,1,"1-169 MTCO2e",0.277184,78.162,"60-80%"
"54","Germany",63.83,810.14,1,1,24,FALSE,FALSE,"DE","DEU",276,2,51,9,"Global","Europe",1,0,12,25,1,1,37,1,39,14,25,"500-1000 MTCO2e",1.926258,77.422,"60-80%"
"55","Djibouti",124.5,1.47,0,0,0,FALSE,FALSE,"DJ","DJI",262,7,11.5,43,"Global","Africa",0,0,0,0,0,0,0,0,0,0,0,"1-169 MTCO2e",0.001096,0,"No data"
"56","Dominica",13,0.37,0,0,0,FALSE,FALSE,"DM","DMA",212,7,15.4167,-61.3333,"Global","North America",0,0,0,0,0,0,0,0,0,0,0,"No data",0.000444,0,"No data"
"57","Denmark",104.17,47.28,2,1,11,FALSE,FALSE,"DK","DNK",208,2,56,10,"Global","Europe",1,1,6,7,1,2,13,1,16,9,7,"1-169 MTCO2e",0.088019,68.429,"60-80%"
"58","Dominican Republic",74.83,29.11,0,0,0,FALSE,FALSE,"DO","DOM",214,7,19,-70.6667,"Global","North America",0,0,0,1,0,0,1,0,1,0,1,"1-169 MTCO2e",0.075131,0,"No data"
"59","Algeria",77.5,209.41,0,0,0,FALSE,FALSE,"DZ","DZA",12,7,28,3,"Global","Africa",0,0,0,0,0,0,0,0,0,0,0,"169-500 MTCO2e",0.471187,99.727,"95-100%"
"60","Ecuador",69.17,98.95,0,0,0,FALSE,FALSE,"EC","ECU",218,7,-2,-77.5,"Global","South America",0,0,0,1,0,0,1,0,1,0,1,"1-169 MTCO2e",0.111248,69.48,"60-80%"
"61","Egypt",59.67,316.11,0,0,0,FALSE,FALSE,"EG","EGY",818,7,27,30,"Global","Africa",0,0,0,0,0,0,0,0,0,0,0,"169-500 MTCO2e",0.676821,95.444,"95-100%"
"62","Eritrea",124.5,7.9,0,0,0,FALSE,FALSE,"ER","ERI",232,7,15,39,"Global","Africa",0,0,0,0,0,0,0,0,0,0,0,"1-169 MTCO2e",0.001996,0,"No data"
"63","Spain",66.33,282.81,2,3,0,FALSE,FALSE,"ES","ESP",724,2,40,-4,"Global","Europe",0,2,0,5,3,2,5,3,10,5,5,"169-500 MTCO2e",0.693396,73.927,"60-80%"
"64","Estonia",124.5,19.45,0,0,0,FALSE,FALSE,"EE","EST",233,2,59,26,"Global","Europe",0,0,0,1,0,0,1,0,1,0,1,"1-169 MTCO2e",0.038112,92.399,"90-95"
"65","Ethiopia",64.33,189.82,0,0,0,FALSE,FALSE,"ET","ETH",231,3,8,38,"Global","Africa",0,0,0,0,0,0,0,0,0,0,0,"169-500 MTCO2e",0.044606,0,"No data"
"66","Finland",124.5,62.81,0,0,0,FALSE,FALSE,"FI","FIN",246,2,64,26,"Global","Europe",0,0,0,1,0,0,1,0,1,0,1,"1-169 MTCO2e",0.1143,55.234,"40-60%"
"67","Fiji",51,0.24,0,0,0,FALSE,FALSE,"FJ","FJI",242,7,-18,175,"Global","Oceania",0,0,0,1,0,0,1,0,1,0,1,"No data",0.006194,0,"No data"
"68","Falkland Islands (Malvinas)",0,0,0,0,0,FALSE,FALSE,"FK","FLK",238,7,-51.75,-59,"Global","South America",0,0,0,0,0,0,0,0,0,0,0,"No data",0,0,"No data"
"69","France",33.33,349.4,2,0,43,FALSE,FALSE,"FR","FRA",250,2,46,2,"Global","Europe",2,0,36,23,0,2,59,0,61,38,23,"169-500 MTCO2e",0.888405,51.479,"40-60%"
"70","Faroe Islands",0,0,0,0,0,FALSE,FALSE,"FO","FRO",234,7,62,-7,"Global","Europe",0,0,0,0,0,0,0,0,0,0,0,"No data",0.001962,0,"No data"
"71","Micronesia, Federated States of",28.5,0.23,0,0,0,FALSE,FALSE,"FM","FSM",583,7,6.9167,158.25,"Global","Oceania",0,0,0,0,0,0,0,0,0,0,0,"No data",0,0,"No data"
"72","Gabon",124.5,-84.89,0,0,0,FALSE,FALSE,"GA","GAB",266,6,-1,11.75,"Global","Africa",0,0,0,0,0,0,0,0,0,0,0,"<0 MTCO2e",0.012911,0,"No data"
"73","United Kingdom",65.17,462.81,5,3,149,FALSE,FALSE,"GB","GBR",826,2,54,-2,"Global","Europe",1,4,14,265,3,5,279,3,287,22,265,"169-500 MTCO2e",1.014995,79.158,"60-80%"
"74","Georgia",44,17.41,0,0,0,FALSE,FALSE,"GE","GEO",268,7,42,43.5,"Global","Asia",0,0,0,0,0,0,0,0,0,0,0,"1-169 MTCO2e",0.028228,0,"No data"
"75","Guernsey",0,0,0,0,0,FALSE,FALSE,"GG","GGY",831,7,49.5,-2.56,"Global","Europe",0,0,0,0,0,0,0,0,0,0,0,"No data",0,0,"No data"
"76","Ghana",23.33,51.26,0,0,0,FALSE,FALSE,"GH","GHA",288,7,8,-2,"Global","Africa",0,0,0,0,0,0,0,0,0,0,0,"1-169 MTCO2e",0.041052,0,"No data"
"77","Guinea",86.33,45.4,0,0,0,FALSE,FALSE,"GN","GIN",324,7,11,-10,"Global","Africa",0,0,0,0,0,0,0,0,0,0,0,"1-169 MTCO2e",0.008653,0,"No data"
"78","Gambia",124.5,2.32,0,0,0,FALSE,FALSE,"GM","GMB",270,4,13.4667,-16.5667,"Global","Africa",0,0,0,0,0,0,0,0,0,0,0,"1-169 MTCO2e",0.001607,0,"No data"
"79","Guinea-Bissau",54.83,4.11,0,0,0,FALSE,FALSE,"GW","GNB",624,7,12,-15,"Global","Africa",0,0,0,0,0,0,0,0,0,0,0,"1-169 MTCO2e",0.000881,0,"No data"
"80","Equatorial Guinea",0,24.5,0,0,0,FALSE,FALSE,"GQ","GNQ",226,7,2,10,"Global","Africa",0,0,0,0,0,0,0,0,0,0,0,"1-169 MTCO2e",0.01546,0,"No data"
"81","Greece",65.33,86.34,0,0,0,FALSE,FALSE,"GR","GRC",300,2,39,22,"Global","Europe",0,0,0,0,0,0,0,0,0,0,0,"1-169 MTCO2e",0.184362,87.267,"80-90%"
"82","Grenada",124.5,2.31,0,0,0,FALSE,FALSE,"GD","GRD",308,7,12.1167,-61.6667,"Global","North America",0,0,0,0,0,0,0,0,0,0,0,"1-169 MTCO2e",0.00079,0,"No data"
"83","Greenland",0,0,0,0,0,FALSE,FALSE,"GL","GRL",304,7,72,-40,"Global","North America",0,0,0,0,0,0,0,0,0,0,0,"No data",0.001423,0,"No data"
"84","Guatemala",45,43.59,0,0,0,FALSE,FALSE,"GT","GTM",320,7,15.5,-90.25,"Global","North America",0,0,0,0,0,0,0,0,0,0,0,"1-169 MTCO2e",0.056292,0,"No data"
"85","Guam",0,0,0,0,0,FALSE,FALSE,"GU","GUM",316,7,13.4667,144.7833,"Global","Oceania",0,0,0,0,0,0,0,0,0,0,0,"No data",0,0,"No data"
"86","Guyana",124.5,37.6,0,0,0,FALSE,FALSE,"GY","GUY",328,7,5,-59,"Global","South America",0,0,0,0,0,0,0,0,0,0,0,"1-169 MTCO2e",0.00656,0,"No data"
"87","Hong Kong, SAR China",0,0,0,0,0,FALSE,FALSE,"HK","HKG",344,7,22.25,114.1667,"Global","Asia",0,0,0,1,0,0,1,0,1,0,1,"No data",0.113981,99.901,"95-100%"
"88","Heard and Mcdonald Islands",0,0,0,0,0,FALSE,FALSE,"HM","HMD",334,7,-53.1,72.5167,"Global","Antarctica",0,0,0,0,0,0,0,0,0,0,0,"No data",0,0,"No data"
"89","Honduras",52.17,51.12,0,0,0,FALSE,FALSE,"HN","HND",340,7,15,-86.5,"Global","North America",0,0,0,0,0,0,0,0,0,0,0,"1-169 MTCO2e",0.029989,0,"No data"
"90","Croatia",82.67,18.9,0,0,0,FALSE,FALSE,"HR","HRV",191,2,45.1667,15.5,"Global","Europe",0,0,0,0,0,0,0,0,0,0,0,"1-169 MTCO2e",0.049071,78.115,"60-80%"
"91","Haiti",50.33,10.02,0,0,0,FALSE,FALSE,"HT","HTI",332,7,19,-72.4167,"Global","North America",0,0,0,0,0,0,0,0,0,0,0,"1-169 MTCO2e",0.009003,0,"No data"
"92","Hungary",96.67,61.15,0,0,0,FALSE,FALSE,"HU","HUN",348,2,47,20,"Global","Europe",0,0,0,0,0,0,0,0,0,0,0,"1-169 MTCO2e",0.13474,80.619,"80-90%"
"93","Indonesia",48.67,2228.89,0,0,0,FALSE,FALSE,"ID","IDN",360,1,-5,120,"Global","Asia",0,0,0,1,0,0,1,0,1,0,1,"1000-5000 MTCO2e",1.694537,93.91,"90-95"
"94","Isle of Man",0,0,0,0,0,FALSE,FALSE,"IM","IMN",833,7,54.23,-4.55,"Global","Europe",0,0,0,0,0,0,0,0,0,0,0,"No data",0,0,"No data"
"95","India",15.33,3230.06,0,0,2,FALSE,FALSE,"IN","IND",356,3,20,77,"Global","Asia",0,0,0,4,0,0,4,0,4,0,4,"1000-5000 MTCO2e",7.179883,91.037,"90-95"
"96","British Indian Ocean Territory",0,0,0,0,0,FALSE,FALSE,"IO","IOT",86,7,-6,71.5,"Global","Asia",0,0,0,0,0,0,0,0,0,0,0,"No data",0,0,"No data"
"97","Ireland",69.67,65.59,5,0,10,FALSE,FALSE,"IE","IRL",372,2,53,-8,"Global","Europe",1,4,1,22,0,5,23,0,28,6,22,"1-169 MTCO2e",0.101856,83.44,"80-90%"
"98","Iran, Islamic Republic of",52.17,862.87,0,0,0,FALSE,FALSE,"IR","IRN",364,7,32,53,"Global","Asia",0,0,0,0,0,0,0,0,0,0,0,"500-1000 MTCO2e",2.139124,97.406,"95-100%"
"99","Iraq",78,195.4,0,0,0,FALSE,FALSE,"IQ","IRQ",368,7,33,44,"Global","Asia",0,0,0,0,0,0,0,0,0,0,0,"169-500 MTCO2e",0.607507,98.985,"95-100%"
"100","Iceland",103.17,3.15,0,0,0,FALSE,FALSE,"IS","ISL",352,7,65,-18,"Global","Europe",0,0,0,0,0,0,0,0,0,0,0,"1-169 MTCO2e",0.009115,20.59,"20-40%"
"101","Israel",93.17,89.35,0,0,0,FALSE,FALSE,"IL","ISR",376,7,31.5,34.75,"Global","Asia",0,0,0,0,0,0,0,0,0,0,0,"1-169 MTCO2e",0.176097,97.677,"95-100%"
"102","Italy",34.83,377.27,0,0,23,FALSE,FALSE,"IT","ITA",380,2,42.8333,12.8333,"Global","Europe",0,0,0,36,0,0,36,0,36,0,36,"169-500 MTCO2e",0.925009,83.71,"80-90%"
"103","Jamaica",124.5,9.76,0,0,0,FALSE,FALSE,"JM","JAM",388,7,18.25,-77.5,"Global","North America",0,0,0,0,0,0,0,0,0,0,0,"1-169 MTCO2e",0.021992,0,"No data"
"104","Jersey",0,0,0,0,0,FALSE,FALSE,"JE","JEY",832,7,49.21,-2.13,"Global","Europe",0,0,0,0,0,0,0,0,0,0,0,"No data",0,0,"No data"
"105","Jordan",103.5,35.07,0,0,0,FALSE,FALSE,"JO","JOR",400,7,31,36,"Global","Asia",0,0,0,0,0,0,0,0,0,0,0,"1-169 MTCO2e",0.071544,0,"No data"
"106","Japan",46.33,1262.19,0,1,0,FALSE,FALSE,"JP","JPN",392,1,36,138,"Global","Asia",0,0,0,0,1,0,0,1,1,1,0,"1000-5000 MTCO2e",3.036834,87.449,"80-90%"
"107","Kazakhstan",93.17,274.51,0,0,0,FALSE,FALSE,"KZ","KAZ",398,2,48,68,"Global","Asia",0,0,0,0,0,0,0,0,0,0,0,"169-500 MTCO2e",0.861103,96.895,"95-100%"
"108","Kenya",62.17,48.5,0,0,1,FALSE,FALSE,"KE","KEN",404,3,1,38,"Global","Africa",0,0,0,10,0,0,10,0,10,0,10,"1-169 MTCO2e",0.047515,0,"No data"
"109","Kyrgyzstan",88,15.81,0,0,0,FALSE,FALSE,"KG","KGZ",417,7,41,75,"Global","Asia",0,0,0,0,0,0,0,0,0,0,0,"1-169 MTCO2e",0.03151,0,"No data"
"110","Cambodia",54.17,65.46,0,0,0,FALSE,FALSE,"KH","KHM",116,7,13,105,"Global","Asia",0,0,0,0,0,0,0,0,0,0,0,"1-169 MTCO2e",0.04398,0,"No data"
"111","Kiribati",75.5,0.1,0,0,0,FALSE,FALSE,"KI","KIR",296,7,1.4167,173,"Global","Oceania",0,0,0,0,0,0,0,0,0,0,0,"No data",0.000201,0,"No data"
"112","Saint Kitts and Nevis",0,0.36,0,0,0,FALSE,FALSE,"KN","KNA",659,7,17.3333,-62.75,"Global","North America",0,0,0,0,0,0,0,0,0,0,0,"No data",0.000665,0,"No data"
"113","Korea (South)",124.5,657.41,0,1,0,FALSE,FALSE,"KR","KOR",410,1,37,127.5,"Global","Asia",0,0,0,0,1,0,0,1,1,1,0,"500-1000 MTCO2e",1.677387,86.94,"80-90%"
"114","Kuwait",124.5,109.81,0,0,0,FALSE,FALSE,"KW","KWT",414,7,29.3375,47.6581,"Global","Asia",0,0,0,0,0,0,0,0,0,0,0,"1-169 MTCO2e",0.295082,99.913,"95-100%"
"115","Lao PDR",81.17,52.29,0,0,0,FALSE,FALSE,"LA","LAO",418,7,18,105,"Global","Asia",0,0,0,0,0,0,0,0,0,0,0,"1-169 MTCO2e",0.090048,0,"No data"
"116","Lebanon",72.33,33.77,0,0,0,FALSE,FALSE,"LB","LBN",422,7,33.8333,35.8333,"Global","Asia",0,0,0,1,0,0,1,0,1,0,1,"1-169 MTCO2e",0.07739,0,"No data"
"117","Liberia",86,10.67,0,0,1,FALSE,FALSE,"LR","LBR",430,7,6.5,-9.5,"Global","Africa",0,0,1,0,0,0,1,0,1,1,0,"1-169 MTCO2e",0.003627,0,"No data"
"118","Libya",124.5,86.54,0,0,0,FALSE,FALSE,"LY","LBY",434,7,25,17,"Global","Africa",0,0,0,0,0,0,0,0,0,0,0,"1-169 MTCO2e",0.127404,0,"No data"
"119","Saint Lucia",0,0.72,0,0,0,FALSE,FALSE,"LC","LCA",662,7,13.8833,-61.1333,"Global","North America",0,0,0,0,0,0,0,0,0,0,0,"No data",0.000968,0,"No data"
"120","Liechtenstein",0,0.09,0,0,0,FALSE,FALSE,"LI","LIE",438,7,47.1667,9.5333,"Global","Europe",0,0,0,0,0,0,0,0,0,0,0,"No data",4e-04,0,"No data"
"121","Sri Lanka",86,37.47,0,0,0,FALSE,FALSE,"LK","LKA",144,7,7,81,"Global","Asia",0,0,0,1,0,0,1,0,1,0,1,"1-169 MTCO2e",0.068167,85.948,"80-90%"
"122","Lesotho",124.5,5.22,0,0,0,FALSE,FALSE,"LS","LSO",426,7,-29.5,28.5,"Global","Africa",0,0,0,1,0,0,1,0,1,0,1,"1-169 MTCO2e",0.006101,0,"No data"
"123","Lithuania",124.5,17.66,0,0,0,FALSE,FALSE,"LT","LTU",440,2,56,24,"Global","Europe",0,0,0,0,0,0,0,0,0,0,0,"1-169 MTCO2e",0.037,91.585,"90-95"
"124","Luxembourg",124.5,9.78,1,0,0,FALSE,FALSE,"LU","LUX",442,2,49.75,6.1667,"Global","Europe",1,0,0,1,0,1,1,0,2,1,1,"1-169 MTCO2e",0.026851,92.937,"90-95"
"125","Latvia",124.5,-2.33,0,0,0,FALSE,FALSE,"LV","LVA",428,2,57,25,"Global","Europe",0,0,0,0,0,0,0,0,0,0,0,"<0 MTCO2e",0.022673,80.861,"80-90%"
"126","Macao, SAR China",0,0,0,0,0,FALSE,FALSE,"MO","MAC",446,7,22.1667,113.55,"Global","Asia",0,0,0,0,0,0,0,0,0,0,0,"No data",0.005666,0,"No data"
"127","Saint-Martin (French part)",0,0,0,0,0,FALSE,FALSE,"MF","MAF",663,7,18.07,-63.05,"Global","North America",0,0,0,0,0,0,0,0,0,0,0,"No data",0,0,"No data"
"128","Morocco",121.5,88.05,0,0,0,FALSE,FALSE,"MA","MAR",504,4,32,-5,"Global","Africa",0,0,0,0,0,0,0,0,0,0,0,"1-169 MTCO2e",0.197383,92.914,"90-95"
"129","Monaco",0,0,0,0,0,FALSE,FALSE,"MC","MCO",492,7,43.7333,7.4,"Global","Europe",0,0,0,0,0,0,0,0,0,0,0,"No data",0,0,"No data"
"130","Moldova",66.67,11.81,0,0,0,FALSE,FALSE,"MD","MDA",498,7,47,29,"Global","Europe",0,0,0,0,0,0,0,0,0,0,0,"1-169 MTCO2e",0.016349,0,"No data"
"131","Madagascar",23.33,58.13,0,0,0,FALSE,FALSE,"MG","MDG",450,7,-20,47,"Global","Africa",0,0,0,0,0,0,0,0,0,0,0,"1-169 MTCO2e",0.011017,0,"No data"
"132","Maldives",0,2.12,0,0,0,FALSE,FALSE,"MV","MDV",462,7,3.25,73,"Global","Asia",0,0,0,0,0,0,0,0,0,0,0,"1-169 MTCO2e",0.004576,0,"No data"
"133","Mexico",56.33,694.52,0,0,0,FALSE,FALSE,"MX","MEX",484,2,23,-102,"Global","North America",0,0,0,2,0,0,2,0,2,0,2,"500-1000 MTCO2e",1.203296,91.482,"90-95"
"134","Marshall Islands",124.5,0.22,0,0,1,FALSE,FALSE,"MH","MHL",584,7,9,168,"Global","Oceania",0,0,0,1,0,0,1,0,1,0,1,"No data",0.000447,0,"No data"
"135","Macedonia, Republic of",0,10.53,0,0,0,FALSE,FALSE,"MK","MKD",807,7,41.8333,22,"Global","Europe",0,0,0,0,0,0,0,0,0,0,0,"1-169 MTCO2e",0.022067,89.289,"80-90%"
"136","Mali",105.83,48.5,0,0,0,FALSE,FALSE,"ML","MLI",466,7,17,-4,"Global","Africa",0,0,0,0,0,0,0,0,0,0,0,"1-169 MTCO2e",0.009315,0,"No data"
"137","Malta",124.5,1.87,0,0,0,FALSE,FALSE,"MT","MLT",470,2,35.8333,14.5833,"Global","Europe",0,0,0,1,0,0,1,0,1,0,1,"1-169 MTCO2e",0.004264,0,"No data"
"138","Myanmar",20.83,220.03,0,0,0,FALSE,FALSE,"MM","MMR",104,7,22,98,"Global","Asia",0,0,0,1,0,0,1,0,1,0,1,"169-500 MTCO2e",0.071983,0,"No data"
"139","Montenegro",124.5,3.43,0,0,0,FALSE,FALSE,"ME","MNE",499,7,42,19,"Global","Europe",0,0,0,0,0,0,0,0,0,0,0,"1-169 MTCO2e",0.006755,0,"No data"
"140","Mongolia",59.83,67.59,0,0,0,FALSE,FALSE,"MN","MNG",496,7,46,105,"Global","Asia",0,0,0,0,0,0,0,0,0,0,0,"1-169 MTCO2e",0.179778,0,"No data"
"141","Northern Mariana Islands",0,0,0,0,0,FALSE,FALSE,"MP","MNP",580,7,15.2,145.75,"Global","Oceania",0,0,0,0,0,0,0,0,0,0,0,"No data",0,0,"No data"
"142","Mozambique",12.17,74.1,0,0,0,FALSE,FALSE,"MZ","MOZ",508,7,-18.25,35,"Global","Africa",0,0,0,0,0,0,0,0,0,0,0,"1-169 MTCO2e",0.02389,0,"No data"
"143","Mauritania",124.5,11.59,0,0,0,FALSE,FALSE,"MR","MRT",478,7,20,-12,"Global","Africa",0,0,0,0,0,0,0,0,0,0,0,"1-169 MTCO2e",0.01123,0,"No data"
"144","Montserrat",0,0,0,0,0,FALSE,FALSE,"MS","MSR",500,7,16.75,-62.2,"Global","North America",0,0,0,0,0,0,0,0,0,0,0,"No data",8.1e-05,0,"No data"
"145","Mauritius",124.5,6.51,0,0,0,FALSE,FALSE,"MU","MUS",480,7,-20.2833,57.55,"Global","Africa",0,0,0,0,0,0,0,0,0,0,0,"1-169 MTCO2e",0.012861,0,"No data"
"146","Malawi",13.83,21.32,0,0,0,FALSE,FALSE,"MW","MWI",454,7,-13.5,34,"Global","Africa",0,0,0,1,0,0,1,0,1,0,1,"1-169 MTCO2e",0.004024,0,"No data"
"147","Malaysia",117,162.95,0,0,0,FALSE,FALSE,"MY","MYS",458,7,2.5,112.5,"Global","Asia",0,0,0,1,0,0,1,0,1,0,1,"1-169 MTCO2e",0.686293,93.613,"90-95"
"148","Namibia",85.83,20.3,0,0,0,FALSE,FALSE,"NA","NAM",516,7,-22,17,"Global","Africa",0,0,0,0,0,0,0,0,0,0,0,"1-169 MTCO2e",0.011438,0,"No data"
"149","New Caledonia",0,0,0,0,0,FALSE,FALSE,"NC","NCL",540,7,-21.5,165.5,"Global","Oceania",0,0,0,0,0,0,0,0,0,0,0,"No data",0.023192,0,"No data"
"150","Niger",77.17,42.76,0,0,0,FALSE,FALSE,"NE","NER",562,7,16,8,"Global","Africa",0,0,0,0,0,0,0,0,0,0,0,"1-169 MTCO2e",0.005859,0,"No data"
"151","Norfolk Island",0,0,0,0,0,FALSE,FALSE,"NF","NFK",574,7,-29.0333,167.95,"Global","Oceania",0,0,0,0,0,0,0,0,0,0,0,"No data",0,0,"No data"
"152","Nigeria",76,475.77,0,0,1,FALSE,FALSE,"NG","NGA",566,7,10,8,"Global","Africa",0,0,0,3,0,0,3,0,3,0,3,"169-500 MTCO2e",0.384251,0,"No data"
"153","Nicaragua",40.83,20.44,0,0,0,FALSE,FALSE,"NI","NIC",558,7,13,-85,"Global","North America",0,0,0,0,0,0,0,0,0,0,0,"1-169 MTCO2e",0.015226,0,"No data"
"154","Niue",0,0.06,0,0,0,FALSE,FALSE,"NU","NIU",570,7,-19.0333,-169.8667,"Global","Oceania",0,0,0,0,0,0,0,0,0,0,0,"No data",2.2e-05,0,"No data"
"155","Netherlands",94.5,187.8,2,0,8,FALSE,FALSE,"NL","NLD",528,2,52.5,5.75,"Global","Europe",1,1,2,11,0,2,13,0,15,4,11,"169-500 MTCO2e",0.424865,92.467,"90-95"
"156","Norway",70.83,25.02,0,0,7,FALSE,FALSE,"NO","NOR",578,2,62,10,"Global","Europe",0,0,1,8,0,0,9,0,9,1,8,"1-169 MTCO2e",0.116463,32.93,"20-40%"
"157","Nepal",51.33,61.33,0,0,0,FALSE,FALSE,"NP","NPL",524,6,28,84,"Global","Asia",0,0,0,0,0,0,0,0,0,0,0,"1-169 MTCO2e",0.038181,0,"No data"
"158","Nauru",0,0.07,0,0,0,FALSE,FALSE,"NR","NRU",520,7,-0.5333,166.9167,"Global","Oceania",0,0,0,0,0,0,0,0,0,0,0,"No data",0.000145,0,"No data"
"159","New Zealand",75.83,63.22,2,2,18,FALSE,FALSE,"NZ","NZL",554,2,-41,174,"Global","Oceania",1,1,4,15,2,2,19,2,23,8,15,"1-169 MTCO2e",0.100273,64.587,"60-80%"
"160","Oman",33.33,77.82,0,0,0,FALSE,FALSE,"OM","OMN",512,7,21,57,"Global","Asia",0,0,0,0,0,0,0,0,0,0,0,"1-169 MTCO2e",0.196712,99.998,"95-100%"
"161","Pakistan",28.17,417.96,1,0,0,FALSE,FALSE,"PK","PAK",586,7,30,70,"Global","Asia",1,0,0,1,0,1,1,0,2,1,1,"169-500 MTCO2e",0.682861,86.979,"80-90%"
"162","Panama",104.83,26.66,0,0,0,FALSE,FALSE,"PA","PAN",591,7,9,-80,"Global","North America",0,0,0,1,0,0,1,0,1,0,1,"1-169 MTCO2e",0.03431,0,"No data"
"163","Pitcairn",0,0,0,0,0,FALSE,FALSE,"PN","PCN",612,7,-24.7,-127.4,"Global","Oceania",0,0,0,0,0,0,0,0,0,0,0,"No data",0,0,"No data"
"164","Peru",45.5,169.48,0,0,0,FALSE,FALSE,"PE","PER",604,2,-10,-76,"Global","South America",0,0,0,2,0,0,2,0,2,0,2,"169-500 MTCO2e",0.149646,71.207,"60-80%"
"165","Philippines",28.83,149.76,1,0,0,FALSE,FALSE,"PH","PHL",608,3,13,122,"Global","Asia",1,0,0,2,0,1,2,0,3,1,2,"1-169 MTCO2e",0.395876,88.331,"80-90%"
"166","Palau",0,0.29,0,0,0,FALSE,FALSE,"PW","PLW",585,7,7.5,134.5,"Global","Oceania",0,0,0,0,0,0,0,0,0,0,0,"No data",0,0,"No data"
"167","Papua New Guinea",41.5,65.31,0,0,1,FALSE,FALSE,"PG","PNG",598,7,-6,147,"Global","Oceania",0,0,0,0,0,0,0,0,0,0,0,"1-169 MTCO2e",0.019447,0,"No data"
"168","Poland",67,349.85,0,1,0,FALSE,FALSE,"PL","POL",616,2,52,20,"Global","Europe",0,0,0,0,1,0,0,1,1,1,0,"169-500 MTCO2e",0.88533,93.263,"90-95"
"169","Puerto Rico",97,0,0,0,0,FALSE,FALSE,"PR","PRI",630,7,18.25,-66.5,"Global","North America",0,0,0,0,0,0,0,0,0,0,0,"No data",0,0,"No data"
"170","Korea (North)",0,67.48,0,0,0,FALSE,FALSE,"KP","PRK",408,7,40,127,"Global","Asia",0,0,0,0,0,0,0,0,0,0,0,"1-169 MTCO2e",0.106369,0,"No data"
"171","Portugal",104.5,68.45,0,1,1,FALSE,FALSE,"PT","PRT",620,2,39.5,-8,"Global","Europe",0,0,0,2,1,0,2,1,3,1,2,"1-169 MTCO2e",0.133359,75.546,"60-80%"
"172","Paraguay",47.5,194.87,0,0,0,FALSE,FALSE,"PY","PRY",600,7,-23,-58,"Global","South America",0,0,0,0,0,0,0,0,0,0,0,"169-500 MTCO2e",0.0227,0,"No data"
"173","French Polynesia",0,0,0,0,0,FALSE,FALSE,"PF","PYF",258,7,-15,-140,"Global","Oceania",0,0,0,0,0,0,0,0,0,0,0,"No data",0.002282,0,"No data"
"174","Qatar",110.33,94.98,0,0,0,FALSE,FALSE,"QA","QAT",634,7,25.5,51.25,"Global","Asia",0,0,0,0,0,0,0,0,0,0,0,"1-169 MTCO2e",0.300056,99.946,"95-100%"
"175","Romania",61.5,-58.56,0,0,0,FALSE,FALSE,"RO","ROU",642,2,46,25,"Global","Europe",0,0,0,0,0,0,0,0,0,0,0,"<0 MTCO2e",0.206041,75.623,"60-80%"
"176","Russian Federation",59.5,2434.46,0,1,0,FALSE,FALSE,"RU","RUS",643,0,60,100,"Global","Europe",0,0,0,0,1,0,0,1,1,1,0,"1000-5000 MTCO2e",4.605661,87.881,"80-90%"
"177","Rwanda",97,7.58,0,0,1,FALSE,FALSE,"RW","RWA",646,7,-2,30,"Global","Africa",0,0,0,1,0,0,1,0,1,0,1,"1-169 MTCO2e",0.003048,0,"No data"
"178","Saudi Arabia",72.5,664.23,0,0,0,FALSE,FALSE,"SA","SAU",682,0,25,45,"Global","Asia",0,0,0,0,0,0,0,0,0,0,0,"500-1000 MTCO2e",1.597496,99.856,"95-100%"
"179","Sudan",75.33,151.83,0,0,0,FALSE,FALSE,"SD","SDN",736,7,15,30,"Global","Africa",0,0,0,0,0,0,0,0,0,0,0,"1-169 MTCO2e",0.063062,0,"No data"
"180","Senegal",105.83,34.92,0,0,1,FALSE,FALSE,"SN","SEN",686,7,14,-14,"Global","Africa",0,0,0,1,0,0,1,0,1,0,1,"1-169 MTCO2e",0.026955,0,"No data"
"181","Singapore",124.5,64.11,0,0,0,FALSE,FALSE,"SG","SGP",702,1,1.3667,103.8,"Global","Asia",0,0,0,1,0,0,1,0,1,0,1,"1-169 MTCO2e",0.10687,99.761,"95-100%"
"182","South Georgia and the South Sandwich Islands",0,0,0,0,0,FALSE,FALSE,"GS","SGS",239,7,-54.5,-37,"Global","South America",0,0,0,0,0,0,0,0,0,0,0,"No data",0,0,"No data"
"183","Saint Helena",0,0,0,0,0,FALSE,FALSE,"SH","SHN",654,7,-15.9333,-5.7,"Global","Africa",0,0,0,0,0,0,0,0,0,0,0,"No data",3e-05,0,"No data"
"184","Solomon Islands",76.83,2.86,0,0,0,FALSE,FALSE,"SB","SLB",90,7,-8,159,"Global","Oceania",0,0,0,0,0,0,0,0,0,0,0,"1-169 MTCO2e",0.000873,0,"No data"
"185","Sierra Leone",88.5,13.56,0,0,1,FALSE,FALSE,"SL","SLE",694,7,8.5,-11.5,"Global","Africa",0,0,0,1,0,0,1,0,1,0,1,"1-169 MTCO2e",0.002818,0,"No data"
"186","El Salvador",53,13.46,1,0,0,FALSE,FALSE,"SV","SLV",222,7,13.8333,-88.9167,"Global","North America",1,0,0,0,0,1,0,0,1,1,0,"1-169 MTCO2e",0.017034,0,"No data"
"187","San Marino",0,0,0,0,0,FALSE,FALSE,"SM","SMR",674,7,43.7667,12.4167,"Global","Europe",0,0,0,0,0,0,0,0,0,0,0,"No data",0,0,"No data"
"188","Somalia",0,40.06,0,0,0,FALSE,FALSE,"SO","SOM",706,7,10,49,"Global","Africa",0,0,0,1,0,0,1,0,1,0,1,"1-169 MTCO2e",0.001859,0,"No data"
"189","Saint Pierre and Miquelon",0,0,0,0,0,FALSE,FALSE,"PM","SPM",666,7,46.8333,-56.3333,"Global","North America",0,0,0,0,0,0,0,0,0,0,0,"No data",0.000212,0,"No data"
"190","Serbia",75.5,62.92,0,0,0,FALSE,FALSE,"RS","SRB",688,7,44,21,"Global","Europe",0,0,0,0,0,0,0,0,0,0,0,"1-169 MTCO2e",0.150013,0,"No data"
"191","Sao Tome and Principe",0,0.18,0,0,0,FALSE,FALSE,"ST","STP",678,7,1,7,"Global","Africa",0,0,0,0,0,0,0,0,0,0,0,"No data",0.000354,0,"No data"
"192","Suriname",124.5,7.68,0,0,0,FALSE,FALSE,"SR","SUR",740,7,4,-56,"Global","South America",0,0,0,0,0,0,0,0,0,0,0,"1-169 MTCO2e",0.007151,0,"No data"
"193","Slovakia",105.33,33.48,0,1,0,FALSE,FALSE,"SK","SVK",703,2,48.6667,19.5,"Global","Europe",0,0,0,0,1,0,0,1,1,1,0,"1-169 MTCO2e",0.09142,69.798,"60-80%"
"194","Slovenia",124.5,10.98,0,0,0,FALSE,FALSE,"SI","SVN",705,2,46,15,"Global","Europe",0,0,0,0,0,0,0,0,0,0,0,"1-169 MTCO2e",0.037585,64.312,"60-80%"
"195","Sweden",90.33,45.48,0,0,17,FALSE,FALSE,"SE","SWE",752,2,62,15,"Global","Europe",0,0,10,12,0,0,22,0,22,10,12,"1-169 MTCO2e",0.117357,31.112,"20-40%"
"196","Swaziland",109.33,0,0,0,0,FALSE,FALSE,"SZ","SWZ",748,7,-26.5,31.5,"Global","Africa",0,0,0,0,0,0,0,0,0,0,0,"No data",0.002672,0,"No data"
"197","Seychelles",124.5,0.69,0,0,0,FALSE,FALSE,"SC","SYC",690,7,-4.5833,55.6667,"Global","Africa",0,0,0,0,0,0,0,0,0,0,0,"No data",0.00171,0,"No data"
"198","Syrian Arab Republic (Syria)",0,43.9,0,0,0,FALSE,FALSE,"SY","SYR",760,7,35,38,"Global","Asia",0,0,0,0,0,0,0,0,0,0,0,"1-169 MTCO2e",0.073984,0,"No data"
"199","Turks and Caicos Islands",0,0,0,0,0,FALSE,FALSE,"TC","TCA",796,7,21.75,-71.5833,"Global","North America",0,0,0,0,0,0,0,0,0,0,0,"No data",0.000635,0,"No data"
"200","Chad",124.5,102.57,0,0,0,FALSE,FALSE,"TD","TCD",148,7,15,19,"Global","Africa",0,0,0,0,0,0,0,0,0,0,0,"1-169 MTCO2e",0.002827,0,"No data"
"201","Togo",114.33,14.86,0,0,0,FALSE,FALSE,"TG","TGO",768,7,8,1.1667,"Global","Africa",0,0,0,0,0,0,0,0,0,0,0,"1-169 MTCO2e",0.00895,0,"No data"
"202","Thailand",57,418.07,0,0,0,FALSE,FALSE,"TH","THA",764,7,15,100,"Global","Asia",0,0,0,1,0,0,1,0,1,0,1,"169-500 MTCO2e",0.791078,93.815,"90-95"
"203","Tajikistan",37.67,13.93,0,0,0,FALSE,FALSE,"TJ","TJK",762,7,39,71,"Global","Asia",0,0,0,0,0,0,0,0,0,0,0,"1-169 MTCO2e",0.024642,0,"No data"
"204","Turkmenistan",0,126.56,0,0,0,FALSE,FALSE,"TM","TKM",795,7,40,60,"Global","Asia",0,0,0,0,0,0,0,0,0,0,0,"1-169 MTCO2e",0.235025,99.994,"95-100%"
"205","Timor-Leste",124.5,12.87,0,0,0,FALSE,FALSE,"TL","TLS",626,7,-8.55,125.5167,"Global","Asia",0,0,0,0,0,0,0,0,0,0,0,"1-169 MTCO2e",0.001521,0,"No data"
"206","Tonga",124.5,0.31,0,0,0,FALSE,FALSE,"TO","TON",776,7,-20,-175,"Global","Oceania",0,0,0,0,0,0,0,0,0,0,0,"No data",0.000481,0,"No data"
"207","Trinidad and Tobago",124.5,22.35,0,0,0,FALSE,FALSE,"TT","TTO",780,7,11,-61,"Global","North America",0,0,0,0,0,0,0,0,0,0,0,"1-169 MTCO2e",0.103904,99.994,"95-100%"
"208","Tunisia",124.5,39.25,0,0,0,FALSE,FALSE,"TN","TUN",788,7,34,9,"Global","Africa",0,0,0,0,0,0,0,0,0,0,0,"1-169 MTCO2e",0.085104,0,"No data"
"209","Turkey",106,396.03,0,0,0,FALSE,FALSE,"TR","TUR",792,0,39,35,"Global","Asia",0,0,0,0,0,0,0,0,0,0,0,"169-500 MTCO2e",1.11172,81.426,"80-90%"
"210","Taiwan, Republic of China",56.17,0,0,0,0,FALSE,FALSE,"TW","TWN",158,7,23.5,121,"Global","Asia",0,0,0,0,0,0,0,0,0,0,0,"No data",0.720717,91.5,"90-95"
"211","Tanzania, United Republic of",68.67,319.78,0,0,1,FALSE,FALSE,"TZ","TZA",834,7,-6,35,"Global","Africa",0,0,0,1,0,0,1,0,1,0,1,"169-500 MTCO2e",0.031904,0,"No data"
"212","Uganda",110.5,81.13,0,0,1,FALSE,FALSE,"UG","UGA",800,7,1,32,"Global","Africa",0,0,0,5,0,0,5,0,5,0,5,"1-169 MTCO2e",0.015179,0,"No data"
"213","Ukraine",89.33,283.65,0,0,0,FALSE,FALSE,"UA","UKR",804,0,49,32,"Global","Europe",0,0,0,0,0,0,0,0,0,0,0,"169-500 MTCO2e",0.612571,75.112,"60-80%"
"214","Uruguay",97.5,26.52,1,0,0,FALSE,FALSE,"UY","URY",858,7,-33,-56,"Global","South America",1,0,0,0,0,1,0,0,1,1,0,"1-169 MTCO2e",0.017502,0,"No data"
"215","United States of America",36.17,5833.01,84,0,295,FALSE,FALSE,"US","USA",840,0,38,-97,"Global","North America",4,83,44,357,0,87,401,0,488,131,357,"5000-10000 MTCO2e",14.501908,83.263,"80-90%"
"216","Uzbekistan",124.5,213.33,0,0,0,FALSE,FALSE,"UZ","UZB",860,7,41,64,"Global","Asia",0,0,0,0,0,0,0,0,0,0,0,"169-500 MTCO2e",0.30253,96.75,"95-100%"
"217","Holy See (Vatican City State)",0,0,0,0,1,FALSE,FALSE,"VA","VAT",336,7,41.9,12.45,"Global","Europe",0,0,0,1,0,0,1,0,1,0,1,"No data",0,0,"No data"
"218","Saint Vincent and Grenadines",124.5,0.37,0,0,0,FALSE,FALSE,"VC","VCT",670,7,13.25,-61.2,"Global","North America",0,0,0,0,0,0,0,0,0,0,0,"No data",0.000706,0,"No data"
"219","Venezuela (Bolivarian Republic)",124.5,352.08,0,0,0,FALSE,FALSE,"VE","VEN",862,7,8,-66,"Global","South America",0,0,0,0,0,0,0,0,0,0,0,"169-500 MTCO2e",0.320207,74.609,"60-80%"
"220","British Virgin Islands",0,0,0,0,0,FALSE,FALSE,"VG","VGB",92,7,18.5,-64.5,"Global","North America",0,0,0,0,0,0,0,0,0,0,0,"No data",0.000464,0,"No data"
"221","Virgin Islands, US",0,0,0,0,0,FALSE,FALSE,"VI","VIR",850,7,18.3333,-64.8333,"Global","North America",0,0,0,0,0,0,0,0,0,0,0,"No data",0,0,"No data"
"222","Viet Nam",43.5,320.67,0,0,0,FALSE,FALSE,"VN","VNM",704,0,16,106,"Global","Asia",0,0,0,0,0,0,0,0,0,0,0,"169-500 MTCO2e",0.679746,84.784,"80-90%"
"223","Vanuatu",20.33,0.84,0,0,0,FALSE,FALSE,"VU","VUT",548,7,-16,167,"Global","Oceania",0,0,0,0,0,0,0,0,0,0,0,"No data",0.000425,0,"No data"
"224","Wallis and Futuna Islands",0,0,0,0,0,FALSE,FALSE,"WF","WLF",876,7,-13.3,-176.2,"Global","Oceania",0,0,0,0,0,0,0,0,0,0,0,"No data",0,0,"No data"
"225","Samoa",124.5,0.66,0,0,0,FALSE,FALSE,"WS","WSM",882,7,-13.5833,-172.3333,"Global","Oceania",0,0,0,0,0,0,0,0,0,0,0,"No data",0.000783,0,"No data"
"226","Yemen",41.83,22.74,0,0,0,FALSE,FALSE,"YE","YEM",887,7,15,48,"Global","Asia",0,0,0,0,0,0,0,0,0,0,0,"1-169 MTCO2e",0.028141,0,"No data"
"227","South Africa",45.67,503.05,2,0,5,FALSE,FALSE,"ZA","ZAF",710,1,-29,24,"Global","Africa",2,0,1,5,0,2,6,0,8,3,5,"500-1000 MTCO2e",1.313364,95.382,"95-100%"
"228","Zambia",98.33,495.17,0,0,0,FALSE,FALSE,"ZM","ZMB",894,7,-15,30,"Global","Africa",0,0,0,1,0,0,1,0,1,0,1,"169-500 MTCO2e",0.018442,0,"No data"
"229","Zimbabwe",29.5,66.16,0,0,0,FALSE,FALSE,"ZW","ZWE",716,7,-20,30,"Global","Africa",0,0,0,0,0,0,0,0,0,0,0,"1-169 MTCO2e",0.028468,0,"No data"
